{
  "base_cross_fro_norm": 0.533484878637765,
  "cholesky_diag_max": 0.08856454551327138,
  "cholesky_diag_min": 0.0021751239154918743,
  "combined_cross_fro_norm": 0.5335133246691771,
  "combined_to_base_ratio": 1.000053321157827,
  "dead_features": {
    "after": 2048,
    "before": 2048,
    "pruned": 0
  },
  "h_after_damping_condition_number": 543291.9099616919,
  "legacy_formula_audit": {
    "available": true,
    "legacy_residual_term_fro_norm": 5.900265063893822,
    "legacy_residual_to_base_ratio": 11.059854365431956,
    "legacy_target_cross_fro_norm": 5.924399801165246,
    "legacy_target_y_fro_norm": 2515.37401511576,
    "legacy_target_y_max_abs": 85.94701095840078
  },
  "max_abs_weight_error": 0.1592578816058451,
  "quantization": {
    "alpha_max": 0.037238359754176775,
    "alpha_min": 0.0009145651502593943,
    "entropy_rate": 3.4045442217802493,
    "gamma_max": 1.0,
    "gamma_min": 0.7920272437356354,
    "huffman_rate": 3.4505083560943604
  },
  "relative_weight_mse": 0.16779809693471653,
  "residual_scale": 0.5,
  "residual_to_base_ratio": 0.003599032302658159,
  "scaled_residual_to_base_ratio": 0.0017995161513290794,
  "sigma_delta_x_hat_fro_norm": 0.0019200293111969835,
  "sigma_x_hat_condition_number": 654245.0785103822,
  "small_eval_ppl": 9.63561781577808,
  "target_y": {
    "fro_norm": 1.2182875204178318,
    "max": 0.19043304750491677,
    "max_abs": 0.19043304750491677,
    "min": -0.13524098083506167
  }
}
