{
  "adaptive_probe_module": "model.layers.15.self_attn.o_proj",
  "batch_results": {
    "1": {
      "adaptive_probe": {
        "candidate_chunks_per_second": 4.667955069028555,
        "candidate_objective_error": null,
        "candidate_objective_seconds_per_chunk": 0.214226569281891,
        "candidate_objective_seconds_total_for_8_chunks": 1.713812554255128,
        "candidate_objective_value": 0.0,
        "fits_candidate_objective": true,
        "fits_reference_capture": true,
        "headroom_gb": 41.60628318786621,
        "peak_memory_gb": 5.922769546508789,
        "reference_capture_error": null,
        "reference_capture_seconds_per_chunk": 0.17324666597414762,
        "reference_capture_seconds_total_for_8_chunks": 1.385973327793181
      },
      "batch_size": 1,
      "collection_probe": {
        "chunks_per_second": 0.4244019762564571,
        "error": null,
        "fits": true,
        "headroom_gb": 28.87679100036621,
        "peak_memory_gb": 18.65226173400879,
        "seconds_per_chunk": 2.3562566998880357,
        "seconds_total_for_8_chunks": 18.850053599104285
      },
      "eval_probe": {
        "chunks_per_second": 5.236135931065291,
        "error": null,
        "fits": true,
        "headroom_gb": 39.97200393676758,
        "peak_memory_gb": 7.557048797607422,
        "seconds_per_chunk": 0.19098052708432078,
        "seconds_total_for_8_chunks": 1.5278442166745663
      },
      "free_memory_before_gb": 40.5272216796875
    },
    "2": {
      "adaptive_probe": {
        "candidate_chunks_per_second": 4.693910273236149,
        "candidate_objective_error": null,
        "candidate_objective_seconds_per_chunk": 0.2130419930908829,
        "candidate_objective_seconds_total_for_8_chunks": 1.7043359447270632,
        "candidate_objective_value": 0.0,
        "fits_candidate_objective": true,
        "fits_reference_capture": true,
        "headroom_gb": 40.29767417907715,
        "peak_memory_gb": 7.231378555297852,
        "reference_capture_error": null,
        "reference_capture_seconds_per_chunk": 0.17587713128887117,
        "reference_capture_seconds_total_for_8_chunks": 1.4070170503109694
      },
      "batch_size": 2,
      "collection_probe": {
        "chunks_per_second": 0.463198795709119,
        "error": null,
        "fits": true,
        "headroom_gb": 14.840642929077148,
        "peak_memory_gb": 32.68840980529785,
        "seconds_per_chunk": 2.1589002589462325,
        "seconds_total_for_8_chunks": 17.27120207156986
      },
      "eval_probe": {
        "chunks_per_second": 5.261871105756556,
        "error": null,
        "fits": true,
        "headroom_gb": 37.02858352661133,
        "peak_memory_gb": 10.500469207763672,
        "seconds_per_chunk": 0.19004646444227546,
        "seconds_total_for_8_chunks": 1.5203717155382037
      },
      "free_memory_before_gb": 40.5272216796875
    },
    "4": {
      "adaptive_probe": {
        "candidate_chunks_per_second": 4.881750975812904,
        "candidate_objective_error": null,
        "candidate_objective_seconds_per_chunk": 0.20484453323297203,
        "candidate_objective_seconds_total_for_8_chunks": 1.6387562658637762,
        "candidate_objective_value": 0.0,
        "fits_candidate_objective": true,
        "fits_reference_capture": true,
        "headroom_gb": 37.68045616149902,
        "peak_memory_gb": 9.848596572875977,
        "reference_capture_error": null,
        "reference_capture_seconds_per_chunk": 0.1882709275232628,
        "reference_capture_seconds_total_for_8_chunks": 1.5061674201861024
      },
      "batch_size": 4,
      "collection_probe": {
        "chunks_per_second": null,
        "error": "CUDA out of memory. Tried to allocate 2.00 GiB. GPU 0 has a total capacity of 47.53 GiB of which 539.88 MiB is free. Process 473619 has 676.00 MiB memory in use. Process 186766 has 1.39 GiB memory in use. Including non-PyTorch memory, this process has 44.94 GiB memory in use. Of the allocated memory 43.73 GiB is allocated by PyTorch, and 917.04 MiB is reserved by PyTorch but unallocated. If reserved but unallocated memory is large try setting PYTORCH_CUDA_ALLOC_CONF=expandable_segments:True to avoid fragmentation.  See documentation for Memory Management  (https://pytorch.org/docs/stable/notes/cuda.html#environment-variables)",
        "fits": false,
        "headroom_gb": 3.7976436614990234,
        "peak_memory_gb": 43.73140907287598,
        "seconds_per_chunk": null,
        "seconds_total_for_8_chunks": 9.005689337849617
      },
      "eval_probe": {
        "chunks_per_second": 5.402782962743533,
        "error": null,
        "fits": true,
        "headroom_gb": 31.141773223876953,
        "peak_memory_gb": 16.387279510498047,
        "seconds_per_chunk": 0.1850897966651246,
        "seconds_total_for_8_chunks": 1.4807183733209968
      },
      "free_memory_before_gb": 40.5272216796875
    },
    "8": {
      "adaptive_probe": {
        "candidate_chunks_per_second": 4.890966608834864,
        "candidate_objective_error": null,
        "candidate_objective_seconds_per_chunk": 0.20445856207516044,
        "candidate_objective_seconds_total_for_8_chunks": 1.6356684966012836,
        "candidate_objective_value": 0.0,
        "fits_candidate_objective": true,
        "fits_reference_capture": true,
        "headroom_gb": 32.44602012634277,
        "peak_memory_gb": 15.083032608032227,
        "reference_capture_error": null,
        "reference_capture_seconds_per_chunk": 0.219429871882312,
        "reference_capture_seconds_total_for_8_chunks": 1.755438975058496
      },
      "batch_size": 8,
      "collection_probe": {
        "chunks_per_second": null,
        "error": "CUDA out of memory. Tried to allocate 4.00 GiB. GPU 0 has a total capacity of 47.53 GiB of which 1.96 GiB is free. Process 473619 has 676.00 MiB memory in use. Process 186766 has 1.39 GiB memory in use. Including non-PyTorch memory, this process has 43.50 GiB memory in use. Of the allocated memory 39.08 GiB is allocated by PyTorch, and 4.11 GiB is reserved by PyTorch but unallocated. If reserved but unallocated memory is large try setting PYTORCH_CUDA_ALLOC_CONF=expandable_segments:True to avoid fragmentation.  See documentation for Memory Management  (https://pytorch.org/docs/stable/notes/cuda.html#environment-variables)",
        "fits": false,
        "headroom_gb": 6.446020126342773,
        "peak_memory_gb": 41.08303260803223,
        "seconds_per_chunk": null,
        "seconds_total_for_8_chunks": 2.004172238521278
      },
      "eval_probe": {
        "chunks_per_second": 5.385995472468889,
        "error": null,
        "fits": true,
        "headroom_gb": 21.325183868408203,
        "peak_memory_gb": 26.203868865966797,
        "seconds_per_chunk": 0.18566669896245003,
        "seconds_total_for_8_chunks": 1.4853335916996002
      },
      "free_memory_before_gb": 40.5272216796875
    }
  },
  "calibration_sequences_probed": 8,
  "collection_probe_stage": [
    "model.layers.0.self_attn.q_proj",
    "model.layers.0.self_attn.k_proj",
    "model.layers.0.self_attn.v_proj"
  ],
  "device_selection": {
    "cuda_visible_devices": "1",
    "gpu_index": 1,
    "gpu_name": "NVIDIA RTX A6000",
    "reason": "idle_gpu_selected",
    "torch_device": "cuda"
  },
  "sequence_length": 2048,
  "total_gpu_memory_gb": 47.529052734375
}
